,,,,,,,,,,,,,,,,,,,
P0001,【七月】鋼琴 - 平日班,Product_20200423164200.jpg,8000,2,8H,【七月】鋼琴 - 平日班,C,01,NULL,2020-03-03 14:18:46,2020-03-04 14:18:46,,,,,,,,
P0002,【八月】鋼琴 - 平日班,Product_20200423164201.jpg,8000,2,8H,【八月】鋼琴 - 平日班,C,01,NULL,2020-03-04 14:18:46,2020-03-05 14:18:46,,,,,,,,
P0003,【九月】鋼琴 - 平日班,Product_20200423164202.jpg,8000,2,8H,【九月】鋼琴 - 平日班,C,01,NULL,2020-03-05 14:18:46,2020-03-06 14:18:46,,,,,,,,
P0004,【十月】鋼琴 - 平日班,Product_20200423164203.jpg,8000,2,8H,【十月】鋼琴 - 平日班,C,01,NULL,2020-03-06 14:18:46,2020-03-07 14:18:46,,,,,,,,
P0005,【十一月】鋼琴 - 平日班,Product_20200423164204.jpg,8000,2,8H,【十一月】鋼琴 - 平日班,C,01,NULL,2020-03-07 14:18:46,2020-03-08 14:18:46,,,,,,,,
P0006,【十二月】鋼琴 - 平日班,Product_20200423164205.jpg,8000,2,8H,【十二月】鋼琴 - 平日班,C,01,NULL,2020-03-08 14:18:46,2020-03-09 14:18:46,,,,,,,,
P0007,【七月】電子琴 - 平日班,Product_20200423164206.jpg,5000,10,8H,【七月】電子琴 - 平日班,C,02,NULL,2020-03-09 14:18:46,2020-03-10 14:18:46,,,,,,,,
P0008,【八月】電子琴 - 平日班,Product_20200423164207.jpg,5000,10,8H,【八月】電子琴 - 平日班,C,02,NULL,2020-03-10 14:18:46,2020-03-11 14:18:46,,,,,,,,
P0009,【九月】電子琴 - 平日班,Product_20200423164208.jpg,5000,10,8H,【九月】電子琴 - 平日班,C,02,NULL,2020-03-11 14:18:46,2020-03-12 14:18:46,,,,,,,,
P0010,【十月】電子琴 - 平日班,Product_20200423164209.jpg,5000,10,8H,【十月】電子琴 - 平日班,C,02,NULL,2020-03-12 14:18:46,2020-03-13 14:18:46,,,,,,,,
P0011,【十一月】電子琴 - 平日班,Product_20200423164210.jpg,5000,10,8H,【十一月】電子琴 - 平日班,C,02,NULL,2020-03-13 14:18:46,2020-03-14 14:18:46,,,,,,,,
P0012,【十二月】電子琴 - 平日班,Product_20200423164211.jpg,5000,10,8H,【十二月】電子琴 - 平日班,C,02,NULL,2020-03-14 14:18:46,2020-03-15 14:18:46,,,,,,,,
P0013,【七月】小提琴 - 平日班,Product_20200423164212.jpg,8000,10,8H,【七月】小提琴 - 平日班,C,03,NULL,2020-03-15 14:18:46,2020-03-16 14:18:46,,,,,,,,
P0014,【八月】小提琴 - 平日班,Product_20200423164213.jpg,8000,10,8H,【八月】小提琴 - 平日班,C,03,NULL,2020-03-16 14:18:46,2020-03-17 14:18:46,,,,,,,,
P0015,【九月】小提琴 - 平日班,Product_20200423164214.jpg,8000,10,8H,【九月】小提琴 - 平日班,C,03,NULL,2020-03-17 14:18:46,2020-03-18 14:18:46,,,,,,,,
P0016,【十月】小提琴 - 平日班,Product_20200423164215.jpg,8000,10,8H,【十月】小提琴 - 平日班,C,03,NULL,2020-03-18 14:18:46,2020-03-19 14:18:46,,,,,,,,
P0017,【十一月】小提琴 - 平日班,Product_20200423164216.jpg,8000,10,8H,【十一月】小提琴 - 平日班,C,03,NULL,2020-03-19 14:18:46,2020-03-20 14:18:46,,,,,,,,
P0018,【十二月】小提琴 - 平日班,Product_20200423164217.jpg,8000,10,8H,【十二月】小提琴 - 平日班,C,03,NULL,2020-03-20 14:18:46,2020-03-21 14:18:46,,,,,,,,
P0019,【七月】中提琴 - 平日班,Product_20200423164218.jpg,7000,5,8H,【七月】中提琴 - 平日班,C,04,NULL,2020-03-21 14:18:46,2020-03-22 14:18:46,,,,,,,,
P0020,【八月】中提琴 - 平日班,Product_20200423164219.jpg,7000,5,8H,【八月】中提琴 - 平日班,C,04,NULL,2020-03-22 14:18:46,2020-03-23 14:18:46,,,,,,,,
P0021,【九月】中提琴 - 平日班,Product_20200423164220.jpg,7000,5,8H,【九月】中提琴 - 平日班,C,04,NULL,2020-03-23 14:18:46,2020-03-24 14:18:46,,,,,,,,
P0022,【十月】中提琴 - 平日班,Product_20200423164221.jpg,7000,5,8H,【十月】中提琴 - 平日班,C,04,NULL,2020-03-24 14:18:46,2020-03-25 14:18:46,,,,,,,,
P0023,【十一月】中提琴 - 平日班,Product_20200423164222.jpg,7000,5,8H,【十一月】中提琴 - 平日班,C,04,NULL,2020-03-25 14:18:46,2020-03-26 14:18:46,,,,,,,,
P0024,【十二月】中提琴 - 平日班,Product_20200423164223.jpg,7000,5,8H,【十二月】中提琴 - 平日班,C,04,NULL,2020-03-26 14:18:46,2020-03-27 14:18:46,,,,,,,,
P0025,【七月】薩克斯風 - 平日班,Product_20200423164224.jpg,8000,10,8H,【七月】薩克斯風 - 平日班,C,05,NULL,2020-03-27 14:18:46,2020-03-28 14:18:46,,,,,,,,
P0026,【八月】薩克斯風 - 平日班,Product_20200423164225.jpg,8000,10,8H,【八月】薩克斯風 - 平日班,C,05,NULL,2020-03-28 14:18:46,2020-03-29 14:18:46,,,,,,,,
P0027,【九月】薩克斯風 - 平日班,Product_20200423164226.jpg,8000,10,8H,【九月】薩克斯風 - 平日班,C,05,NULL,2020-03-29 14:18:46,2020-03-30 14:18:46,,,,,,,,
P0028,【十月】薩克斯風 - 平日班,Product_20200423164227.jpg,8000,10,8H,【十月】薩克斯風 - 平日班,C,05,NULL,2020-03-30 14:18:46,2020-03-31 14:18:46,,,,,,,,
P0029,【十一月】薩克斯風 - 平日班,Product_20200423164228.jpg,8000,10,8H,【十一月】薩克斯風 - 平日班,C,05,NULL,2020-03-31 14:18:46,2020-04-01 14:18:46,,,,,,,,
P0030,【十二月】薩克斯風 - 平日班,Product_20200423164229.jpg,8000,10,8H,【十二月】薩克斯風 - 平日班,C,05,NULL,2020-04-01 14:18:46,2020-04-02 14:18:46,,,,,,,,
P0031,【七月】長笛 - 平日班,Product_20200423164230.jpg,8000,10,8H,【七月】長笛 - 平日班,C,06,NULL,2020-04-02 14:18:46,2020-04-03 14:18:46,,,,,,,,
P0032,【八月】長笛 - 平日班,Product_20200423164231.jpg,8000,10,8H,【八月】長笛 - 平日班,C,06,NULL,2020-04-03 14:18:46,2020-04-04 14:18:46,,,,,,,,
P0033,【九月】長笛 - 平日班,Product_20200423164232.jpg,8000,10,8H,【九月】長笛 - 平日班,C,06,NULL,2020-04-04 14:18:46,2020-04-05 14:18:46,,,,,,,,
P0034,【十月】長笛 - 平日班,Product_20200423164233.jpg,8000,10,8H,【十月】長笛 - 平日班,C,06,NULL,2020-04-05 14:18:46,2020-04-06 14:18:46,,,,,,,,
P0035,【十一月】長笛 - 平日班,Product_20200423164234.jpg,8000,10,8H,【十一月】長笛 - 平日班,C,06,NULL,2020-04-06 14:18:46,2020-04-07 14:18:46,,,,,,,,
P0036,【十二月】長笛 - 平日班,Product_20200423164235.jpg,8000,10,8H,【十二月】長笛 - 平日班,C,06,NULL,2020-04-07 14:18:46,2020-04-08 14:18:46,,,,,,,,
P0037,【七月】烏克莉莉 - 平日班,Product_20200423164236.jpg,4000,20,8H,【七月】烏克莉莉 - 平日班,C,07,NULL,2020-04-08 14:18:46,2020-04-09 14:18:46,,,,,,,,
P0038,【八月】烏克莉莉 - 平日班,Product_20200423164237.jpg,4000,20,8H,【八月】烏克莉莉 - 平日班,C,07,NULL,2020-04-09 14:18:46,2020-04-10 14:18:46,,,,,,,,
P0039,【九月】烏克莉莉 - 平日班,Product_20200423164238.jpg,4000,20,8H,【九月】烏克莉莉 - 平日班,C,07,NULL,2020-04-10 14:18:46,2020-04-11 14:18:46,,,,,,,,
P0040,【十月】烏克莉莉 - 平日班,Product_20200423164239.jpg,4000,20,8H,【十月】烏克莉莉 - 平日班,C,07,NULL,2020-04-11 14:18:46,2020-04-12 14:18:46,,,,,,,,
P0041,【十一月】烏克莉莉 - 平日班,Product_20200423164240.jpg,4000,20,8H,【十一月】烏克莉莉 - 平日班,C,07,NULL,2020-04-12 14:18:46,2020-04-13 14:18:46,,,,,,,,
P0042,【十二月】烏克莉莉 - 平日班,Product_20200423164241.jpg,4000,20,8H,【十二月】烏克莉莉 - 平日班,C,07,NULL,2020-04-13 14:18:46,2020-04-14 14:18:46,,,,,,,,
P0043,【七月】爵士鼓 - 平日班,Product_20200423164242.jpg,4000,20,8H,【七月】爵士鼓 - 平日班,C,08,NULL,2020-04-14 14:18:46,2020-04-15 14:18:46,,,,,,,,
P0044,【八月】爵士鼓 - 平日班,Product_20200423164243.jpg,4000,20,8H,【八月】爵士鼓 - 平日班,C,08,NULL,2020-04-15 14:18:46,2020-04-16 14:18:46,,,,,,,,
P0045,【九月】爵士鼓 - 平日班,Product_20200423164244.jpg,4000,20,8H,【九月】爵士鼓 - 平日班,C,08,NULL,2020-04-16 14:18:46,2020-04-17 14:18:46,,,,,,,,
P0046,【十月】爵士鼓 - 平日班,Product_20200423164245.jpg,4000,20,8H,【十月】爵士鼓 - 平日班,C,08,NULL,2020-04-17 14:18:46,2020-04-18 14:18:46,,,,,,,,
P0047,【十一月】爵士鼓 - 平日班,Product_20200423164246.jpg,4000,20,8H,【十一月】爵士鼓 - 平日班,C,08,NULL,2020-04-18 14:18:46,2020-04-19 14:18:46,,,,,,,,
P0048,【十二月】爵士鼓 - 平日班,Product_20200423164247.jpg,4000,20,8H,【十二月】爵士鼓 - 平日班,C,08,NULL,2020-04-19 14:18:46,2020-04-20 14:18:46,,,,,,,,
P0049,【七月】鋼琴 - 假日班,Product_20200423164248.jpg,4000,2,4H,【七月】鋼琴 - 假日班,C,01,NULL,2020-04-20 14:18:46,2020-04-21 14:18:46,,,,,,,,
P0050,【八月】鋼琴 - 假日班,Product_20200423164249.jpg,4000,2,4H,【八月】鋼琴 - 假日班,C,01,NULL,2020-04-21 14:18:46,2020-04-22 14:18:46,,,,,,,,
P0051,【九月】鋼琴 - 假日班,Product_20200423164250.jpg,4000,2,4H,【九月】鋼琴 - 假日班,C,01,NULL,2020-04-22 14:18:46,2020-04-23 14:18:46,,,,,,,,
P0052,【十月】鋼琴 - 假日班,Product_20200423164251.jpg,4000,2,4H,【十月】鋼琴 - 假日班,C,01,NULL,2020-04-23 14:18:46,2020-04-24 14:18:46,,,,,,,,
P0053,【十一月】鋼琴 - 假日班,Product_20200423164252.jpg,4000,2,4H,【十一月】鋼琴 - 假日班,C,01,NULL,2020-04-24 14:18:46,2020-04-25 14:18:46,,,,,,,,
P0054,【十二月】鋼琴 - 假日班,Product_20200423164253.jpg,4000,2,4H,【十二月】鋼琴 - 假日班,C,01,NULL,2020-04-25 14:18:46,2020-04-26 14:18:46,,,,,,,,
P0055,【七月】電子琴 - 假日班,Product_20200423164254.jpg,2500,10,4H,【七月】電子琴 - 假日班,C,02,NULL,2020-04-26 14:18:46,2020-04-27 14:18:46,,,,,,,,
P0056,【八月】電子琴 - 假日班,Product_20200423164255.jpg,2500,10,4H,【八月】電子琴 - 假日班,C,02,NULL,2020-04-27 14:18:46,2020-04-28 14:18:46,,,,,,,,
P0057,【九月】電子琴 - 假日班,Product_20200423164256.jpg,2500,10,4H,【九月】電子琴 - 假日班,C,02,NULL,2020-04-28 14:18:46,2020-04-29 14:18:46,,,,,,,,
P0058,【十月】電子琴 - 假日班,Product_20200423164257.jpg,2500,10,4H,【十月】電子琴 - 假日班,C,02,NULL,2020-04-29 14:18:46,2020-04-30 14:18:46,,,,,,,,
P0059,【十一月】電子琴 - 假日班,Product_20200423164258.jpg,2500,10,4H,【十一月】電子琴 - 假日班,C,02,NULL,2020-04-30 14:18:46,2020-05-01 14:18:46,,,,,,,,
P0060,【十二月】電子琴 - 假日班,Product_20200423164259.jpg,2500,10,4H,【十二月】電子琴 - 假日班,C,02,NULL,2020-05-01 14:18:46,2020-05-02 14:18:46,,,,,,,,
P0061,【七月】小提琴 - 假日班,Product_20200423164300.jpg,4000,10,4H,【七月】小提琴 - 假日班,C,03,NULL,2020-05-02 14:18:46,2020-05-03 14:18:46,,,,,,,,
P0062,【八月】小提琴 - 假日班,Product_20200423164301.jpg,4000,10,4H,【八月】小提琴 - 假日班,C,03,NULL,2020-05-03 14:18:46,2020-05-04 14:18:46,,,,,,,,
P0063,【九月】小提琴 - 假日班,Product_20200423164302.jpg,4000,10,4H,【九月】小提琴 - 假日班,C,03,NULL,2020-05-04 14:18:46,2020-05-05 14:18:46,,,,,,,,
P0064,【十月】小提琴 - 假日班,Product_20200423164303.jpg,4000,10,4H,【十月】小提琴 - 假日班,C,03,NULL,2020-05-05 14:18:46,2020-05-06 14:18:46,,,,,,,,
P0065,【十一月】小提琴 - 假日班,Product_20200423164304.jpg,4000,10,4H,【十一月】小提琴 - 假日班,C,03,NULL,2020-05-06 14:18:46,2020-05-07 14:18:46,,,,,,,,
P0066,【十二月】小提琴 - 假日班,Product_20200423164305.jpg,4000,10,4H,【十二月】小提琴 - 假日班,C,03,NULL,2020-05-07 14:18:46,2020-05-08 14:18:46,,,,,,,,
P0067,【七月】中提琴 - 假日班,Product_20200423164306.jpg,3500,5,4H,【七月】中提琴 - 假日班,C,04,NULL,2020-05-08 14:18:46,2020-05-09 14:18:46,,,,,,,,
P0068,【八月】中提琴 - 假日班,Product_20200423164307.jpg,3500,5,4H,【八月】中提琴 - 假日班,C,04,NULL,2020-05-09 14:18:46,2020-05-10 14:18:46,,,,,,,,
P0069,【九月】中提琴 - 假日班,Product_20200423164308.jpg,3500,5,4H,【九月】中提琴 - 假日班,C,04,NULL,2020-05-10 14:18:46,2020-05-11 14:18:46,,,,,,,,
P0070,【十月】中提琴 - 假日班,Product_20200423164309.jpg,3500,5,4H,【十月】中提琴 - 假日班,C,04,NULL,2020-05-11 14:18:46,2020-05-12 14:18:46,,,,,,,,
P0071,【十一月】中提琴 - 假日班,Product_20200423164310.jpg,3500,5,4H,【十一月】中提琴 - 假日班,C,04,NULL,2020-05-12 14:18:46,2020-05-13 14:18:46,,,,,,,,
P0072,【十二月】中提琴 - 假日班,Product_20200423164311.jpg,3500,5,4H,【十二月】中提琴 - 假日班,C,04,NULL,2020-05-13 14:18:46,2020-05-14 14:18:46,,,,,,,,
P0073,【七月】薩克斯風 - 假日班,Product_20200423164312.jpg,4000,10,4H,【七月】薩克斯風 - 假日班,C,05,NULL,2020-05-14 14:18:46,2020-05-15 14:18:46,,,,,,,,
P0074,【八月】薩克斯風 - 假日班,Product_20200423164313.jpg,4000,10,4H,【八月】薩克斯風 - 假日班,C,05,NULL,2020-05-15 14:18:46,2020-05-16 14:18:46,,,,,,,,
P0075,【九月】薩克斯風 - 假日班,Product_20200423164314.jpg,4000,10,4H,【九月】薩克斯風 - 假日班,C,05,NULL,2020-05-16 14:18:46,2020-05-17 14:18:46,,,,,,,,
P0076,【十月】薩克斯風 - 假日班,Product_20200423164315.jpg,4000,10,4H,【十月】薩克斯風 - 假日班,C,05,NULL,2020-05-17 14:18:46,2020-05-18 14:18:46,,,,,,,,
P0077,【十一月】薩克斯風 - 假日班,Product_20200423164316.jpg,4000,10,4H,【十一月】薩克斯風 - 假日班,C,05,NULL,2020-05-18 14:18:46,2020-05-19 14:18:46,,,,,,,,
P0078,【十二月】薩克斯風 - 假日班,Product_20200423164317.jpg,4000,10,4H,【十二月】薩克斯風 - 假日班,C,05,NULL,2020-05-19 14:18:46,2020-05-20 14:18:46,,,,,,,,
P0079,【七月】長笛 - 假日班,Product_20200423164318.jpg,4000,10,4H,【七月】長笛 - 假日班,C,06,NULL,2020-05-20 14:18:46,2020-05-21 14:18:46,,,,,,,,
P0080,【八月】長笛 - 假日班,Product_20200423164314.jpg,4000,10,4H,【八月】長笛 - 假日班,C,06,NULL,2020-05-21 14:18:46,2020-05-22 14:18:46,,,,,,,,
P0081,【九月】長笛 - 假日班,Product_20200423164315.jpg,4000,10,4H,【九月】長笛 - 假日班,C,06,NULL,2020-05-22 14:18:46,2020-05-23 14:18:46,,,,,,,,
P0082,【十月】長笛 - 假日班,Product_20200423164316.jpg,4000,10,4H,【十月】長笛 - 假日班,C,06,NULL,2020-05-23 14:18:46,2020-05-24 14:18:46,,,,,,,,
P0083,【十一月】長笛 - 假日班,Product_20200423164317.jpg,4000,10,4H,【十一月】長笛 - 假日班,C,06,NULL,2020-05-24 14:18:46,2020-05-25 14:18:46,,,,,,,,
P0084,【十二月】長笛 - 假日班,Product_20200423164318.jpg,4000,10,4H,【十二月】長笛 - 假日班,C,06,NULL,2020-05-25 14:18:46,2020-05-26 14:18:46,,,,,,,,
P0085,【七月】烏克莉莉 - 假日班,Product_20200423164319.jpg,2000,20,4H,【七月】烏克莉莉 - 假日班,C,07,NULL,2020-05-26 14:18:46,2020-05-27 14:18:46,,,,,,,,
P0086,【八月】烏克莉莉 - 假日班,Product_20200423164320.jpg,2000,20,4H,【八月】烏克莉莉 - 假日班,C,07,NULL,2020-05-27 14:18:46,2020-05-28 14:18:46,,,,,,,,
P0087,【九月】烏克莉莉 - 假日班,Product_20200423164321.jpg,2000,20,4H,【九月】烏克莉莉 - 假日班,C,07,NULL,2020-05-28 14:18:46,2020-05-29 14:18:46,,,,,,,,
P0088,【十月】烏克莉莉 - 假日班,Product_20200423164322.jpg,2000,20,4H,【十月】烏克莉莉 - 假日班,C,07,NULL,2020-05-29 14:18:46,2020-05-30 14:18:46,,,,,,,,
P0089,【十一月】烏克莉莉 - 假日班,Product_20200423164323.jpg,2000,20,4H,【十一月】烏克莉莉 - 假日班,C,07,NULL,2020-05-30 14:18:46,2020-05-31 14:18:46,,,,,,,,
P0090,【十二月】烏克莉莉 - 假日班,Product_20200423164324.jpg,2000,20,4H,【十二月】烏克莉莉 - 假日班,C,07,NULL,2020-05-31 14:18:46,2020-06-01 14:18:46,,,,,,,,
P0091,【七月】爵士鼓 - 假日班,Product_20200423164325.jpg,2000,20,4H,【七月】爵士鼓 - 假日班,C,08,NULL,2020-06-01 14:18:46,2020-06-02 14:18:46,,,,,,,,
P0092,【八月】爵士鼓 - 假日班,Product_20200423164326.jpg,2000,20,4H,【八月】爵士鼓 - 假日班,C,08,NULL,2020-06-02 14:18:46,2020-06-03 14:18:46,,,,,,,,
P0093,【九月】爵士鼓 - 假日班,Product_20200423164327.jpg,2000,20,4H,【九月】爵士鼓 - 假日班,C,08,NULL,2020-06-03 14:18:46,2020-06-04 14:18:46,,,,,,,,
P0094,【十月】爵士鼓 - 假日班,Product_20200423164328.jpg,2000,20,4H,【十月】爵士鼓 - 假日班,C,08,NULL,2020-06-04 14:18:46,2020-06-05 14:18:46,,,,,,,,
P0095,【十一月】爵士鼓 - 假日班,Product_20200423164329.jpg,2000,20,4H,【十一月】爵士鼓 - 假日班,C,08,NULL,2020-06-05 14:18:46,2020-06-06 14:18:46,,,,,,,,
P0096,【十二月】爵士鼓 - 假日班,Product_20200423164330.jpg,2000,20,4H,【十二月】爵士鼓 - 假日班,C,08,NULL,2020-06-06 14:18:46,2020-06-07 14:18:46,,,,,,,,
P0097,【10分鐘鋼琴教室】初學者的迷思-01,Product_20200423164331.jpg,100,NULL,10min,【10分鐘鋼琴教室】初學者的迷思-01,V,01,F010,2020-06-07 14:18:46,2020-06-08 14:18:46,,,,,,,,
P0098,【10分鐘鋼琴教室】初學者的迷思-02,Product_20200423164332.jpg,100,NULL,10min,【10分鐘鋼琴教室】初學者的迷思-02,V,01,F010,2020-06-08 14:18:46,2020-06-09 14:18:46,,,,,,,,
P0099,【10分鐘鋼琴教室】初學者的迷思-03,Product_20200423164333.jpg,100,NULL,10min,【10分鐘鋼琴教室】初學者的迷思-03,V,01,F010,2020-06-09 14:18:46,2020-06-10 14:18:46,,,,,,,,
P0100,【10分鐘鋼琴教室】初學者的迷思-04,Product_20200423164334.jpg,100,NULL,10min,【10分鐘鋼琴教室】初學者的迷思-04,V,01,F010,2020-06-10 14:18:46,2020-06-11 14:18:46,,,,,,,,
P0101,【10分鐘鋼琴教室】初學者的迷思-05,Product_20200423164335.jpg,100,NULL,11min,【10分鐘鋼琴教室】初學者的迷思-05,V,01,F010,2020-06-11 14:18:46,2020-06-12 14:18:46,,,,,,,,
P0102,【10分鐘鋼琴教室】初學者的迷思-06,Product_20200423164336.jpg,100,NULL,12min,【10分鐘鋼琴教室】初學者的迷思-06,V,01,F010,2020-06-12 14:18:46,2020-06-13 14:18:46,,,,,,,,
P0103,【烏克莉莉彈奏教學】小星星,Product_20200423164337.jpg,150,NULL,15min,【烏克莉莉彈奏教學】小星星,V,07,F008,2020-06-13 14:18:46,2020-06-14 14:18:46,,,,,,,,
P0104,【烏克莉莉彈奏教學】小幸運,Product_20200423164338.jpg,200,NULL,22min,【烏克莉莉彈奏教學】小幸運,V,07,F008,2020-06-14 14:18:46,2020-06-15 14:18:46,,,,,,,,
P0105,【烏克莉莉彈奏教學】小情歌,Product_20200423164339.jpg,200,NULL,25min,【烏克莉莉彈奏教學】小情歌,V,07,F008,2020-06-15 14:18:46,2020-06-16 14:18:46,,,,,,,,
P0106,【烏克莉莉彈奏教學】小蘋果,Product_20200423164340.jpg,180,NULL,22min,【烏克莉莉彈奏教學】小蘋果,V,07,F008,2020-06-16 14:18:46,2020-06-17 14:18:46,,,,,,,,
P0107,【美美老師長笛小學堂】第一課,Product_20200423164341.jpg,1000,NULL,52min,【美美老師長笛小學堂】第一課,V,06,F001,2020-06-17 14:18:46,2020-06-18 14:18:46,,,,,,,,
P0108,【美美老師長笛小學堂】第二課,Product_20200423164342.jpg,1000,NULL,55min,【美美老師長笛小學堂】第二課,V,06,F001,2020-06-18 14:18:46,2020-06-19 14:18:46,,,,,,,,
P0109,【美美老師長笛小學堂】第三課,Product_20200423164343.jpg,1000,NULL,57min,【美美老師長笛小學堂】第三課,V,06,F001,2020-06-19 14:18:46,2020-06-20 14:18:46,,,,,,,,
P0110,【美美老師長笛小學堂】第四課,Product_20200423164344.jpg,1000,NULL,55min,【美美老師長笛小學堂】第四課,V,06,F001,2020-06-20 14:18:46,2020-06-21 14:18:46,,,,,,,,
P0111,【美美老師長笛小學堂】第五課,Product_20200423164345.jpg,1000,NULL,56min,【美美老師長笛小學堂】第五課,V,06,F001,2020-06-21 14:18:46,2020-06-22 14:18:46,,,,,,,,
P0112,【美美老師長笛小學堂】第六課,Product_20200423164346.jpg,1000,NULL,62min,【美美老師長笛小學堂】第六課,V,06,F001,2020-06-22 14:18:46,2020-06-23 14:18:46,,,,,,,,
P0113,【美美老師長笛小學堂】第七課,Product_20200423164347.jpg,1000,NULL,62min,【美美老師長笛小學堂】第七課,V,06,F001,2020-06-23 14:18:46,2020-06-24 14:18:46,,,,,,,,
P0114,【薩克斯風】01,Product_20200423164348.jpg,1000,NULL,65min,【薩克斯風】01,V,05,F022,2020-06-24 14:18:46,2020-06-25 14:18:46,,,,,,,,
P0115,【薩克斯風】02,Product_20200423164349.jpg,1000,NULL,62min,【薩克斯風】02,V,05,F022,2020-06-25 14:18:46,2020-06-26 14:18:46,,,,,,,,
P0116,【薩克斯風】03,Product_20200423164350.jpg,1000,NULL,66min,【薩克斯風】03,V,05,F022,2020-06-26 14:18:46,2020-06-27 14:18:46,,,,,,,,
P0117,【薩克斯風】04,Product_20200423164351.jpg,1000,NULL,62min,【薩克斯風】04,V,05,F022,2020-06-27 14:18:46,2020-06-28 14:18:46,,,,,,,,
P0118,【薩克斯風】05,Product_20200423164352.jpg,1000,NULL,64min,【薩克斯風】05,V,05,F022,2020-06-28 14:18:46,2020-06-29 14:18:46,,,,,,,,
P0119,【薩克斯風】06,Product_20200423164353.jpg,1000,NULL,65min,【薩克斯風】06,V,05,F022,2020-06-29 14:18:46,2020-06-30 14:18:46,,,,,,,,
P0120,【爵士鼓教學】01,Product_20200423164354.jpg,500,NULL,32min,【爵士鼓教學】01,V,08,F017,2020-06-30 14:18:46,2020-07-01 14:18:46,,,,,,,,
P0121,【爵士鼓教學】02,Product_20200423164355.jpg,500,NULL,35min,【爵士鼓教學】02,V,08,F017,2020-07-01 14:18:46,2020-07-02 14:18:46,,,,,,,,
P0122,【爵士鼓教學】03,Product_20200423164356.jpg,500,NULL,34min,【爵士鼓教學】03,V,08,F017,2020-07-02 14:18:46,2020-07-03 14:18:46,,,,,,,,
P0123,【爵士鼓教學】04,Product_20200423164357.jpg,500,NULL,30min,【爵士鼓教學】04,V,08,F017,2020-07-03 14:18:46,2020-07-04 14:18:46,,,,,,,,
P0124,電子琴基礎教學-01,Product_20200423164358.jpg,550,NULL,25min,電子琴基礎教學-01,V,02,F023,2020-07-04 14:18:46,2020-07-05 14:18:46,,,,,,,,
P0125,電子琴基礎教學-02,Product_20200423164359.jpg,550,NULL,30min,電子琴基礎教學-02,V,02,F023,2020-07-05 14:18:46,2020-07-06 14:18:46,,,,,,,,
P0126,電子琴基礎教學-03,Product_20200423164400.jpg,550,NULL,35min,電子琴基礎教學-03,V,02,F023,2020-07-06 14:18:46,2020-07-07 14:18:46,,,,,,,,
P0127,電子琴中級教學-01,Product_20200423164401.jpg,550,NULL,34min,電子琴中級教學-01,V,02,F023,2020-07-07 14:18:46,2020-07-08 14:18:46,,,,,,,,
P0128,電子琴中級教學-02,Product_20200423164402.jpg,550,NULL,25min,電子琴中級教學-02,V,02,F023,2020-07-08 14:18:46,2020-07-09 14:18:46,,,,,,,,
P0129,電子琴中級教學-03,Product_20200423164403.jpg,550,NULL,32min,電子琴中級教學-03,V,02,F023,2020-07-09 14:18:46,2020-07-10 14:18:46,,,,,,,,
P0130,【提琴教室】小提琴-01,Product_20200423164404.jpg,1200,NULL,57min,【提琴教室】小提琴-01,V,03,F015,2020-07-10 14:18:46,2020-07-11 14:18:46,,,,,,,,
P0131,【提琴教室】小提琴-02,Product_20200423164405.jpg,1200,NULL,55min,【提琴教室】小提琴-02,V,03,F015,2020-07-11 14:18:46,2020-07-12 14:18:46,,,,,,,,
P0132,【提琴教室】小提琴-03,Product_20200423164406.jpg,1200,NULL,56min,【提琴教室】小提琴-03,V,03,F015,2020-07-12 14:18:46,2020-07-13 14:18:46,,,,,,,,
P0133,【提琴教室】小提琴-04,Product_20200423164407.jpg,1200,NULL,62min,【提琴教室】小提琴-04,V,03,F015,2020-07-13 14:18:46,2020-07-14 14:18:46,,,,,,,,
P0134,【提琴教室】小提琴-05,Product_20200423164408.jpg,1200,NULL,65min,【提琴教室】小提琴-05,V,03,F015,2020-07-14 14:18:46,2020-07-15 14:18:46,,,,,,,,
P0135,【提琴教室】小提琴-06,Product_20200423164409.jpg,1200,NULL,62min,【提琴教室】小提琴-06,V,03,F015,2020-07-15 14:18:46,2020-07-16 14:18:46,,,,,,,,
P0136,【提琴教室】小提琴-07,Product_20200423164410.jpg,1200,NULL,66min,【提琴教室】小提琴-07,V,03,F015,2020-07-16 14:18:46,2020-07-17 14:18:46,,,,,,,,
P0137,【提琴教室】小提琴-08,Product_20200423164411.jpg,1200,NULL,57min,【提琴教室】小提琴-08,V,03,F015,2020-07-17 14:18:46,2020-07-18 14:18:46,,,,,,,,
P0138,【提琴教室】中提琴-01,Product_20200423164412.jpg,1200,NULL,55min,【提琴教室】中提琴-01,V,04,F015,2020-07-18 14:18:46,2020-07-19 14:18:46,,,,,,,,
P0139,【提琴教室】中提琴-02,Product_20200423164413.jpg,1200,NULL,56min,【提琴教室】中提琴-02,V,04,F015,2020-07-19 14:18:46,2020-07-20 14:18:46,,,,,,,,
P0140,【提琴教室】中提琴-03,Product_20200423164414.jpg,1200,NULL,62min,【提琴教室】中提琴-03,V,04,F015,2020-07-20 14:18:46,2020-07-21 14:18:46,,,,,,,,
P0141,【提琴教室】中提琴-04,Product_20200423164415.jpg,1200,NULL,66min,【提琴教室】中提琴-04,V,04,F015,2020-07-21 14:18:46,2020-07-22 14:18:46,,,,,,,,
P0142,【提琴教室】中提琴-05,Product_20200423164416.jpg,1200,NULL,65min,【提琴教室】中提琴-05,V,04,F015,2020-07-22 14:18:46,2020-07-23 14:18:46,,,,,,,,
P0143,【提琴教室】中提琴-06,Product_20200423164417.jpg,1200,NULL,62min,【提琴教室】中提琴-06,V,04,F015,2020-07-23 14:18:46,2020-07-24 14:18:46,,,,,,,,
P0144,【提琴教室】中提琴-07,Product_20200423164418.jpg,1200,NULL,56min,【提琴教室】中提琴-07,V,04,F015,2020-07-24 14:18:46,2020-07-25 14:18:46,,,,,,,,
P0145,【提琴教室】中提琴-08,Product_20200423164419.jpg,1200,NULL,62min,【提琴教室】中提琴-08,V,04,F015,2020-07-25 14:18:46,2020-07-26 14:18:46,,,,,,,,
P0146,YAMAHA RYDEEN 傳統爵士鼓組 黑色款,Product_20200423164420.jpg,27000,5,NULL,全新RYDEEN(5件套鼓組)正是任何初學者及玩家會喜愛的一套鼓組。,I,08,F050,2020-07-26 14:18:46,2020-07-27 14:18:46,,,,,,,,
P0147,YAMAHA RYDEEN 傳統爵士鼓組 酒紅色款,Product_20200423164421.jpg,27000,5,NULL,全新RYDEEN(5件套鼓組)正是任何初學者及玩家會喜愛的一套鼓組。,I,08,F050,2020-07-27 14:18:46,2020-07-28 14:18:46,,,,,,,,
P0148,YAMAHA RYDEEN 傳統爵士鼓組 雅痞黃色款,Product_20200423164422.jpg,27000,5,NULL,全新RYDEEN(5件套鼓組)正是任何初學者及玩家會喜愛的一套鼓組。,I,08,F050,2020-07-28 14:18:46,2020-07-29 14:18:46,,,,,,,,
P0149,YAMAHA RYDEEN 傳統爵士鼓組 絢麗銀色款,Product_20200423164423.jpg,27000,5,NULL,全新RYDEEN(5件套鼓組)正是任何初學者及玩家會喜愛的一套鼓組。,I,08,F050,2020-07-29 14:18:46,2020-07-30 14:18:46,,,,,,,,
P0150,YAMAHA Stage Custom 爵士鼓組 典雅白色款,Product_20200423164424.jpg,46000,5,NULL,大鼓踏板+鼓椅+兩隻銅鈸架+一隻Hi-Hat架,I,08,F050,2020-07-30 14:18:46,2020-07-31 14:18:46,,,,,,,,
P0151,YAMAHA Stage Custom 爵士鼓組 蜂蜜琥珀色款,Product_20200423164425.jpg,46000,5,NULL,大鼓踏板+鼓椅+兩隻銅鈸架+一隻Hi-Hat架,I,08,F050,2020-07-31 14:18:46,2020-08-01 14:18:46,,,,,,,,
P0152,YAMAHA Stage Custom 爵士鼓組 酒紅木紋色款,Product_20200423164426.jpg,46000,5,NULL,大鼓踏板+鼓椅+兩隻銅鈸架+一隻Hi-Hat架,I,08,F050,2020-08-01 14:18:46,2020-08-02 14:18:46,,,,,,,,
P0153,YAMAHA Stage Custom 爵士鼓組 自然原木色款,Product_20200423164427.jpg,46000,5,NULL,大鼓踏板+鼓椅+兩隻銅鈸架+一隻Hi-Hat架,I,08,F050,2020-08-02 14:18:46,2020-08-03 14:18:46,,,,,,,,
P0154,DIXON 台灣製 兒童爵士鼓 BK黑色,Product_20200423164428.jpg,14000,5,NULL,國內第一組完全按照比例，專供兒童使用的5粒鼓組。,I,08,F048,2020-08-03 14:18:46,2020-08-04 14:18:46,,,,,,,,
P0155,DIXON 台灣製 兒童爵士鼓 F22銅刷線,Product_20200423164429.jpg,14000,5,NULL,國內第一組完全按照比例，專供兒童使用的5粒鼓組。,I,08,F048,2020-08-04 14:18:46,2020-08-05 14:18:46,,,,,,,,
P0156,DIXON 台灣製 兒童爵士鼓 F25藍刷線,Product_20200423164430.jpg,14000,5,NULL,國內第一組完全按照比例，專供兒童使用的5粒鼓組。,I,08,F048,2020-08-05 14:18:46,2020-08-06 14:18:46,,,,,,,,
P0157,DIXON 台灣製 兒童爵士鼓 SL銀色,Product_20200423164431.jpg,14000,5,NULL,國內第一組完全按照比例，專供兒童使用的5粒鼓組。,I,08,F048,2020-08-06 14:18:46,2020-08-07 14:18:46,,,,,,,,
P0158,DIXON 台灣製 兒童爵士鼓 WR酒紅,Product_20200423164432.jpg,14000,5,NULL,國內第一組完全按照比例，專供兒童使用的5粒鼓組。,I,08,F048,2020-08-07 14:18:46,2020-08-08 14:18:46,,,,,,,,
P0159,標準加厚88鍵 鋰電池充電式 手捲電子琴,Product_20200423164433.jpg,2799,10,NULL,超輕便好收納隨時隨地帶著走、可當MIDI鍵盤做電腦編輯、錄音、作詞曲,I,02,F047,2020-08-08 14:18:46,2020-08-09 14:18:46,,,,,,,,
P0160,『YAMAHA NP12』全新機種 61鍵電子琴『黑色款』,Product_20200423164434.jpg,8500,7,NULL,NP系列是優雅與簡約的絕佳組合、輕薄小巧的鍵盤有著精緻的音色,I,02,F046,2020-08-09 14:18:46,2020-08-10 14:18:46,,,,,,,,
P0161,『YAMAHA NP12』全新機種 61鍵電子琴『白色款』,Product_20200423164435.jpg,8500,8,NULL,NP系列是優雅與簡約的絕佳組合、輕薄小巧的鍵盤有著精緻的音色,I,02,F046,2020-08-10 14:18:46,2020-08-11 14:18:46,,,,,,,,
P0162,YAMAHA PSR-E463 61鍵自動伴奏電子琴,Product_20200423164436.jpg,13500,4,NULL,PSR-E463以包含758種樂器音色的豐富音樂資料庫為特色，讓您盡情享受各種音樂類型。,I,02,F046,2020-08-11 14:18:46,2020-08-12 14:18:46,,,,,,,,
P0163,『YAMAHA 山葉 NP-32』76鍵攜帶式電子琴『黑色款』,Product_20200423164437.jpg,15000,4,NULL,76鍵 標準鍵鍵盤電子琴,I,02,F046,2020-08-12 14:18:46,2020-08-13 14:18:46,,,,,,,,
P0164,台灣JAZZY61鍵數位電子琴，JZ-618,Product_20200423164438.jpg,3115,6,NULL,430種音色/300種節奏,I,02,F045,2020-08-13 14:18:46,2020-08-14 14:18:46,,,,,,,,
P0165,KAWAI K-400直立式鋼琴,Product_20200423164439.jpg,50000,1,NULL,雙重鉸鏈的摔跤板增添了獨特的吸引力。,I,01,F044,2020-08-14 14:18:46,2020-08-15 14:18:46,,,,,,,,
P0166,KAWAI K-500直立式鋼琴,Product_20200423164440.jpg,55000,2,NULL,K-500提供了功率，動態範圍和音調豐富度的罕見組合,I,01,F044,2020-08-15 14:18:46,2020-08-16 14:18:46,,,,,,,,
P0167,KAWAI  K-30(SNW)直立式鋼琴,Product_20200423164441.jpg,60000,1,NULL,採用日本原裝打擊系統、音搥、琴弦，外觀歐洲宮庭型,I,01,F044,2020-08-16 14:18:46,2020-08-17 14:18:46,,,,,,,,
P0168,KAWAI K-80W(CA)直立式鋼琴,Product_20200423164442.jpg,60000,1,NULL,採用日本原裝打擊系統、音搥、琴弦。G曲線響板設計，響板音孔裝置，定弦裝置。,I,01,F044,2020-08-17 14:18:46,2020-08-18 14:18:46,,,,,,,,
P0169,KAWAI K-80(E)直立式鋼琴,Product_20200423164443.jpg,60000,1,NULL,採用日本原裝打擊系統、音搥、琴弦。G曲線響板設計，響板音孔裝置，定弦裝置。,I,01,F044,2020-08-18 14:18:46,2020-08-19 14:18:46,,,,,,,,
P0170,aNueNue AQUA-002 23 吋烏克麗麗,Product_20200423164444.jpg,2800,5,NULL,獨一無二的設計概念，23吋可愛輕巧的琴身、特殊的琴頭造型與簡約的琴身設計,I,07,F026,2020-08-19 14:18:46,2020-08-20 14:18:46,,,,,,,,
P0171,aNueNue CK3 26吋相思木烏克麗麗,Product_20200423164445.jpg,3900,3,NULL,相思木除了木紋優雅漂亮之外，聲音溫暖且豐實,I,07,F026,2020-08-20 14:18:46,2020-08-21 14:18:46,,,,,,,,
P0172,aNueNue MCM 23吋桃花心木烏克麗麗,Product_20200423164446.jpg,3600,2,NULL,舒適輕巧手感，讓你彈任何曲風都難不倒它平實的價格，高規格的對待,I,07,F026,2020-08-21 14:18:46,2020-08-22 14:18:46,,,,,,,,
P0173,aNueNue 900S 21吋桃花心木烏克麗麗,Product_20200423164447.jpg,5800,1,NULL,新一代U900升級面單桃花心木內部結構升級，聲音較響亮飽滿、顆粒扎實,I,07,F026,2020-08-22 14:18:46,2020-08-23 14:18:46,,,,,,,,
P0174,『PUKA 烏克麗麗』PK-DPS 21吋口輪系列 / 小海豚款,Product_20200423164448.jpg,1980,5,NULL,時下最流行的樂器，適合個人或合奏演出，輕鬆彈奏帶來無限歡樂,I,07,F027,2020-08-23 14:18:46,2020-08-24 14:18:46,,,,,,,,
P0175,『PUKA 烏克麗麗』PK-HBC 23吋口輪系列 / 扶桑花款,Product_20200423164449.jpg,2500,3,NULL,時下最流行的樂器，適合個人或合奏演出，輕鬆彈奏帶來無限歡樂,I,07,F027,2020-08-24 14:18:46,2020-08-25 14:18:46,,,,,,,,
P0176,『PUKA 烏克麗麗』PU-PEACE-S 21吋口輪系列 / 和平,Product_20200423164450.jpg,2100,2,NULL,時下最流行的樂器，適合個人或合奏演出，輕鬆彈奏帶來無限歡樂,I,07,F027,2020-08-25 14:18:46,2020-08-26 14:18:46,,,,,,,,
P0177,『PUKA 烏克麗麗』PU-LOVE-S 21吋口輪系列 / 愛心款,Product_20200423164451.jpg,2100,2,NULL,時下最流行的樂器，適合個人或合奏演出，輕鬆彈奏帶來無限歡樂,I,07,F027,2020-08-26 14:18:46,2020-08-27 14:18:46,,,,,,,,
P0178,『PUKA 烏克麗麗』PK-TFC 23吋口輪系列 / 熱帶魚款,Product_20200423164452.jpg,2500,1,NULL,時下最流行的樂器，適合個人或合奏演出，輕鬆彈奏帶來無限歡樂,I,07,F027,2020-08-27 14:18:46,2020-08-28 14:18:46,,,,,,,,
P0179,Sebrew 希伯萊 MC-1  入門小提琴,Product_20200423164453.jpg,1600,10,NULL, 入門小提琴,I,03,F028,2020-08-28 14:18:46,2020-08-29 14:18:46,,,,,,,,
P0180,Sebrew 希伯萊 MC-2 考級小提琴,Product_20200423164454.jpg,2280,8,NULL,考級小提琴,I,03,F028,2020-08-29 14:18:46,2020-08-30 14:18:46,,,,,,,,
P0181,Jazzy 台灣品牌 小提琴,Product_20200423164455.jpg,3280,3,NULL,A級雲杉木 ,I,03,F028,2020-08-30 14:18:46,2020-08-31 14:18:46,,,,,,,,
P0182,專業級 Elegant 605 手工虎背紋小提琴,Product_20200423164456.jpg,18000,1,NULL,琴採用優質雲杉實木面板、高級楓木側板、背板有虎背紋，手工漆及手工鑲邊,I,03,F029,2020-08-31 14:18:46,2020-09-01 14:18:46,,,,,,,,
P0183,★SEKWANG★SVN-400雲杉實木小提琴,Product_20200423164457.jpg,7000,2,NULL,雲衫實木面板、楓木側板及背板、烏木指板烏木配件,I,03,F029,2020-09-01 14:18:46,2020-09-02 14:18:46,,,,,,,,
P0184,德國 Conrad G?tz 小提琴 CG-123,Product_20200423164458.jpg,76500,1,NULL,德國GOTZ原廠裝配，使用奧地利Thomastik Dominant 尼龍弦,I,03,F029,2020-09-02 14:18:46,2020-09-03 14:18:46,,,,,,,,
P0185,Abbott SN-300 小提琴,Product_20200423164459.jpg,26000,1,NULL,手工刷漆，高級烏木配件，虎背紋路清晰,I,03,F029,2020-09-03 14:18:46,2020-09-04 14:18:46,,,,,,,,
P0186,★嚴選JYC JV-17 亮面虎紋小提琴,Product_20200423164500.jpg,16500,2,NULL,金屬拉弦板,I,03,F029,2020-09-04 14:18:46,2020-09-05 14:18:46,,,,,,,,
P0187,小提琴 BEAUTE ETERNA小提琴,Product_20200423164501.jpg,7890,2,NULL,楓木實板，鋁合金拉版，棗木配件,I,03,F030,2020-09-05 14:18:46,2020-09-06 14:18:46,,,,,,,,
P0188,BEAUTE ETERNA 雲杉木單板 小提琴 FL34,Product_20200423164502.jpg,9200,4,NULL,鋁合金拉版，棗木配件，手工刷漆，復古色小提琴,I,03,F030,2020-09-06 14:18:46,2020-09-07 14:18:46,,,,,,,,
P0189,BEAUTE ETERNA小提琴【FD12染黑配件】,Product_20200423164503.jpg,6590,3,NULL,全楓木實板，鋁合金拉版，染黑配件,I,03,F030,2020-09-07 14:18:46,2020-09-08 14:18:46,,,,,,,,
P0190,BEAUTE ETERNA 雲杉木單板 小提琴 FL12,Product_20200423164504.jpg,9230,3,NULL,鋁合金拉版，棗木配件，手工刷漆，復古色小提琴,I,03,F030,2020-09-08 14:18:46,2020-09-09 14:18:46,,,,,,,,
P0191,YAMAHA YFL-222 長笛,Product_20200423164505.jpg,24710,1,NULL,音色溫暖有深度，中、高音域集中，易控制，適合第一次使用手工吹頭者,I,06,F034,2020-09-09 14:18:46,2020-09-10 14:18:46,,,,,,,,
P0192,YAMAHA YFL-372 長笛,Product_20200423164506.jpg,54600,1,NULL,吹口管是決定音色的重要要素,I,06,F034,2020-09-10 14:18:46,2020-09-11 14:18:46,,,,,,,,
P0193,YAMAHA YFL-272 長笛,Product_20200423164507.jpg,41600,1,NULL,音色溫暖有深度，中、高音域集中，易控制，適合第一次使用手工吹頭者,I,06,F034,2020-09-11 14:18:46,2020-09-12 14:18:46,,,,,,,,
P0194,★JYC JV-402A中提琴★雲杉實木頂級音色,Product_20200423164508.jpg,16400,10,NULL,德國SANDNER學生級琴弦,I,04,F036,2020-09-12 14:18:46,2020-09-13 14:18:46,,,,,,,,
P0195,★JYC JV-404中提琴★嚴選手工清鑲邊漆琴,Product_20200423164509.jpg,18900,12,NULL,德國AUBERT一星琴橋,I,04,F036,2020-09-13 14:18:46,2020-09-14 14:18:46,,,,,,,,
P0196,YAMAHA 山葉 YTS-62 專業級 次中音薩克斯風 ,Product_20200423164510.jpg,130500,2,NULL,不分音樂界限，不被時代考驗，為樂手們一致熱愛及推崇,I,05,F039,2020-09-14 14:18:46,2020-09-15 14:18:46,,,,,,,,
P0197,Zeus Alto 中音薩克斯風/黑金色　Z-A580BG,Product_20200423164511.jpg,37570,5,NULL,德國原銅 / 台灣製造,I,05,F039,2020-09-15 14:18:46,2020-09-16 14:18:46,,,,,,,,
P0198,JUPITER JTS-500Q 次中音 薩克斯風,Product_20200423164512.jpg,38350,4,NULL,喇叭口與身管可拆換，可調拇指靠座,I,05,F039,2020-09-16 14:18:46,2020-09-17 14:18:46,,,,,,,,
P0199,Zeus Alto 中音薩克斯風　Z-A580L,Product_20200423164513.jpg,35100,2,NULL,德國原銅 / 台灣製造,I,05,F039,2020-09-17 14:18:46,2020-09-18 14:18:46,,,,,,,,
P0200,JUPITER JTS-700Q 次中音 薩克斯風,Product_20200423164514.jpg,46800,3,NULL,德國原銅 / 台灣製造,I,05,F039,2020-09-18 14:18:46,2020-09-19 14:18:46,,,,,,,,
,,,,,,,,,,,,,,,,,,,
,,,,,,,,,,,,,,,,,,,
,,,,,,,,,,,,,,,,,,,
,,,,,,,,,,,,,,,,,,,
,,,,,,,,,,,,,,,,,,,
,,,,,,,,,,,,,,,,,,,
,,,,,,,,,,,,,,,,,,,
,,,,,,,,,,,,,,,,,,,
,,,,,,,,,,,,,,,,,,,
,,,,,,,,,,,,,,,,,,,
,,,,,,,,,,,,,,,,,,,
,,,,,,,,,,,,,,,,,,,
,,,,,,,,,,,,,,,,,,,
,,,,,,,,,,,,,,,,,,,
,,,,,,,,,,,,,,,,,,,
,,,,,,,,,,,,,,,,,,,
,,,,,,,,,,,,,,,,,,,
,,,,,,,,,,,,,,,,,,,
,,,,,,,,,,,,,,,,,,,
,,,,,,,,,,,,,,,,,,,
,,,,,,,,,,,,,,,,,,,
,,,,,,,,,,,,,,,,,,,
,,,,,,,,,,,,,,,,,,,
,,,,,,,,,,,,,,,,,,,
,,,,,,,,,,,,,,,,,,,
,,,,,,,,,,,,,,,,,,,
,,,,,,,,,,,,,,,,,,,
,,,,,,,,,,,,,,,,,,,
,,,,,,,,,,,,,,,,,,,
,,,,,,,,,,,,,,,,,,,
,,,,,,,,,,,,,,,,,,,
,,,,,,,,,,,,,,,,,,,
,,,,,,,,,,,,,,,,,,,
,,,,,,,,,,,,,,,,,,,
,,,,,,,,,,,,,,,,,,,
,,,,,,,,,,,,,,,,,,,
,,,,,,,,,,,,,,,,,,,
,,,,,,,,,,,,,,,,,,,
,,,,,,,,,,,,,,,,,,,
,,,,,,,,,,,,,,,,,,,
,,,,,,,,,,,,,,,,,,,
,,,,,,,,,,,,,,,,,,,
,,,,,,,,,,,,,,,,,,,
,,,,,,,,,,,,,,,,,,,
,,,,,,,,,,,,,,,,,,,
,,,,,,,,,,,,,,,,,,,
,,,,,,,,,,,,,,,,,,,
,,,,,,,,,,,,,,,,,,,
,,,,,,,,,,,,,,,,,,,
,,,,,,,,,,,,,,,,,,,
,,,,,,,,,,,,,,,,,,,
,,,,,,,,,,,,,,,,,,,
,,,,,,,,,,,,,,,,,,,
,,,,,,,,,,,,,,,,,,,
,,,,,,,,,,,,,,,,,,,
,,,,,,,,,,,,,,,,,,,
,,,,,,,,,,,,,,,,,,,
,,,,,,,,,,,,,,,,,,,
,,,,,,,,,,,,,,,,,,,
,,,,,,,,,,,,,,,,,,,
,,,,,,,,,,,,,,,,,,,
,,,,,,,,,,,,,,,,,,,
,,,,,,,,,,,,,,,,,,,
,,,,,,,,,,,,,,,,,,,
,,,,,,,,,,,,,,,,,,,
,,,,,,,,,,,,,,,,,,,
,,,,,,,,,,,,,,,,,,,
,,,,,,,,,,,,,,,,,,,
,,,,,,,,,,,,,,,,,,,
,,,,,,,,,,,,,,,,,,,
,,,,,,,,,,,,,,,,,,,
,,,,,,,,,,,,,,,,,,,
,,,,,,,,,,,,,,,,,,,
,,,,,,,,,,,,,,,,,,,
,,,,,,,,,,,,,,,,,,,
,,,,,,,,,,,,,,,,,,,
,,,,,,,,,,,,,,,,,,,
,,,,,,,,,,,,,,,,,,,
,,,,,,,,,,,,,,,,,,,
,,,,,,,,,,,,,,,,,,,
,,,,,,,,,,,,,,,,,,,
,,,,,,,,,,,,,,,,,,,
,,,,,,,,,,,,,,,,,,,
,,,,,,,,,,,,,,,,,,,
,,,,,,,,,,,,,,,,,,,
,,,,,,,,,,,,,,,,,,,
,,,,,,,,,,,,,,,,,,,
,,,,,,,,,,,,,,,,,,,
,,,,,,,,,,,,,,,,,,,
,,,,,,,,,,,,,,,,,,,
,,,,,,,,,,,,,,,,,,,
,,,,,,,,,,,,,,,,,,,
,,,,,,,,,,,,,,,,,,,
,,,,,,,,,,,,,,,,,,,
,,,,,,,,,,,,,,,,,,,
,,,,,,,,,,,,,,,,,,,
,,,,,,,,,,,,,,,,,,,
,,,,,,,,,,,,,,,,,,,
,,,,,,,,,,,,,,,,,,,
,,,,,,,,,,,,,,,,,,,
,,,,,,,,,,,,,,,,,,,
,,,,,,,,,,,,,,,,,,,
,,,,,,,,,,,,,,,,,,,
,,,,,,,,,,,,,,,,,,,
,,,,,,,,,,,,,,,,,,,
,,,,,,,,,,,,,,,,,,,
,,,,,,,,,,,,,,,,,,,
,,,,,,,,,,,,,,,,,,,
,,,,,,,,,,,,,,,,,,,
,,,,,,,,,,,,,,,,,,,
,,,,,,,,,,,,,,,,,,,
,,,,,,,,,,,,,,,,,,,
,,,,,,,,,,,,,,,,,,,
,,,,,,,,,,,,,,,,,,,
,,,,,,,,,,,,,,,,,,,
,,,,,,,,,,,,,,,,,,,
,,,,,,,,,,,,,,,,,,,
,,,,,,,,,,,,,,,,,,,
,,,,,,,,,,,,,,,,,,,
,,,,,,,,,,,,,,,,,,,
,,,,,,,,,,,,,,,,,,,
,,,,,,,,,,,,,,,,,,,
,,,,,,,,,,,,,,,,,,,
,,,,,,,,,,,,,,,,,,,
,,,,,,,,,,,,,,,,,,,
,,,,,,,,,,,,,,,,,,,
,,,,,,,,,,,,,,,,,,,
,,,,,,,,,,,,,,,,,,,
,,,,,,,,,,,,,,,,,,,
,,,,,,,,,,,,,,,,,,,
,,,,,,,,,,,,,,,,,,,
,,,,,,,,,,,,,,,,,,,
,,,,,,,,,,,,,,,,,,,
,,,,,,,,,,,,,,,,,,,
,,,,,,,,,,,,,,,,,,,
,,,,,,,,,,,,,,,,,,,
,,,,,,,,,,,,,,,,,,,
,,,,,,,,,,,,,,,,,,,
,,,,,,,,,,,,,,,,,,,
,,,,,,,,,,,,,,,,,,,
,,,,,,,,,,,,,,,,,,,
,,,,,,,,,,,,,,,,,,,
,,,,,,,,,,,,,,,,,,,
,,,,,,,,,,,,,,,,,,,
,,,,,,,,,,,,,,,,,,,
,,,,,,,,,,,,,,,,,,,
,,,,,,,,,,,,,,,,,,,
,,,,,,,,,,,,,,,,,,,
,,,,,,,,,,,,,,,,,,,
,,,,,,,,,,,,,,,,,,,
,,,,,,,,,,,,,,,,,,,
,,,,,,,,,,,,,,,,,,,
,,,,,,,,,,,,,,,,,,,
,,,,,,,,,,,,,,,,,,,
,,,,,,,,,,,,,,,,,,,
,,,,,,,,,,,,,,,,,,,
,,,,,,,,,,,,,,,,,,,
,,,,,,,,,,,,,,,,,,,
,,,,,,,,,,,,,,,,,,,
,,,,,,,,,,,,,,,,,,,
,,,,,,,,,,,,,,,,,,,
,,,,,,,,,,,,,,,,,,,
,,,,,,,,,,,,,,,,,,,
,,,,,,,,,,,,,,,,,,,
,,,,,,,,,,,,,,,,,,,
,,,,,,,,,,,,,,,,,,,
,,,,,,,,,,,,,,,,,,,
,,,,,,,,,,,,,,,,,,,
,,,,,,,,,,,,,,,,,,,
,,,,,,,,,,,,,,,,,,,
,,,,,,,,,,,,,,,,,,,
,,,,,,,,,,,,,,,,,,,
,,,,,,,,,,,,,,,,,,,
,,,,,,,,,,,,,,,,,,,
,,,,,,,,,,,,,,,,,,,
,,,,,,,,,,,,,,,,,,,
,,,,,,,,,,,,,,,,,,,
,,,,,,,,,,,,,,,,,,,
,,,,,,,,,,,,,,,,,,,
,,,,,,,,,,,,,,,,,,,
,,,,,,,,,,,,,,,,,,,
,,,,,,,,,,,,,,,,,,,
,,,,,,,,,,,,,,,,,,,
,,,,,,,,,,,,,,,,,,,
,,,,,,,,,,,,,,,,,,,
,,,,,,,,,,,,,,,,,,,
,,,,,,,,,,,,,,,,,,,
,,,,,,,,,,,,,,,,,,,
,,,,,,,,,,,,,,,,,,,
,,,,,,,,,,,,,,,,,,,
,,,,,,,,,,,,,,,,,,,
,,,,,,,,,,,,,,,,,,,
,,,,,,,,,,,,,,,,,,,
,,,,,,,,,,,,,,,,,,,
,,,,,,,,,,,,,,,,,,,
,,,,,,,,,,,,,,,,,,,
,,,,,,,,,,,,,,,,,,,
,,,,,,,,,,,,,,,,,,,
,,,,,,,,,,,,,,,,,,,
,,,,,,,,,,,,,,,,,,,
,,,,,,,,,,,,,,,,,,,
,,,,,,,,,,,,,,,,,,,
,,,,,,,,,,,,,,,,,,,
,,,,,,,,,,,,,,,,,,,
,,,,,,,,,,,,,,,,,,,
,,,,,,,,,,,,,,,,,,,
,,,,,,,,,,,,,,,,,,,
,,,,,,,,,,,,,,,,,,,
,,,,,,,,,,,,,,,,,,,
,,,,,,,,,,,,,,,,,,,
,,,,,,,,,,,,,,,,,,,
,,,,,,,,,,,,,,,,,,,
,,,,,,,,,,,,,,,,,,,
,,,,,,,,,,,,,,,,,,,
,,,,,,,,,,,,,,,,,,,
,,,,,,,,,,,,,,,,,,,
,,,,,,,,,,,,,,,,,,,
,,,,,,,,,,,,,,,,,,,
,,,,,,,,,,,,,,,,,,,
,,,,,,,,,,,,,,,,,,,
,,,,,,,,,,,,,,,,,,,
,,,,,,,,,,,,,,,,,,,
,,,,,,,,,,,,,,,,,,,
,,,,,,,,,,,,,,,,,,,
,,,,,,,,,,,,,,,,,,,
,,,,,,,,,,,,,,,,,,,
,,,,,,,,,,,,,,,,,,,
,,,,,,,,,,,,,,,,,,,
,,,,,,,,,,,,,,,,,,,
,,,,,,,,,,,,,,,,,,,
,,,,,,,,,,,,,,,,,,,
,,,,,,,,,,,,,,,,,,,
,,,,,,,,,,,,,,,,,,,
,,,,,,,,,,,,,,,,,,,
,,,,,,,,,,,,,,,,,,,
,,,,,,,,,,,,,,,,,,,
,,,,,,,,,,,,,,,,,,,
,,,,,,,,,,,,,,,,,,,
,,,,,,,,,,,,,,,,,,,
,,,,,,,,,,,,,,,,,,,
,,,,,,,,,,,,,,,,,,,
,,,,,,,,,,,,,,,,,,,
,,,,,,,,,,,,,,,,,,,
,,,,,,,,,,,,,,,,,,,
,,,,,,,,,,,,,,,,,,,
,,,,,,,,,,,,,,,,,,,
,,,,,,,,,,,,,,,,,,,
,,,,,,,,,,,,,,,,,,,
,,,,,,,,,,,,,,,,,,,
,,,,,,,,,,,,,,,,,,,
,,,,,,,,,,,,,,,,,,,
,,,,,,,,,,,,,,,,,,,
,,,,,,,,,,,,,,,,,,,
,,,,,,,,,,,,,,,,,,,
,,,,,,,,,,,,,,,,,,,
,,,,,,,,,,,,,,,,,,,
,,,,,,,,,,,,,,,,,,,
,,,,,,,,,,,,,,,,,,,
,,,,,,,,,,,,,,,,,,,
,,,,,,,,,,,,,,,,,,,
,,,,,,,,,,,,,,,,,,,
,,,,,,,,,,,,,,,,,,,
,,,,,,,,,,,,,,,,,,,
,,,,,,,,,,,,,,,,,,,
,,,,,,,,,,,,,,,,,,,
,,,,,,,,,,,,,,,,,,,
,,,,,,,,,,,,,,,,,,,
,,,,,,,,,,,,,,,,,,,
,,,,,,,,,,,,,,,,,,,
,,,,,,,,,,,,,,,,,,,
,,,,,,,,,,,,,,,,,,,
,,,,,,,,,,,,,,,,,,,
,,,,,,,,,,,,,,,,,,,
,,,,,,,,,,,,,,,,,,,
,,,,,,,,,,,,,,,,,,,
,,,,,,,,,,,,,,,,,,,
,,,,,,,,,,,,,,,,,,,
,,,,,,,,,,,,,,,,,,,
,,,,,,,,,,,,,,,,,,,
,,,,,,,,,,,,,,,,,,,
,,,,,,,,,,,,,,,,,,,
,,,,,,,,,,,,,,,,,,,
,,,,,,,,,,,,,,,,,,,
,,,,,,,,,,,,,,,,,,,
,,,,,,,,,,,,,,,,,,,
,,,,,,,,,,,,,,,,,,,
,,,,,,,,,,,,,,,,,,,
,,,,,,,,,,,,,,,,,,,
,,,,,,,,,,,,,,,,,,,
,,,,,,,,,,,,,,,,,,,
,,,,,,,,,,,,,,,,,,,
,,,,,,,,,,,,,,,,,,,
,,,,,,,,,,,,,,,,,,,
,,,,,,,,,,,,,,,,,,,
,,,,,,,,,,,,,,,,,,,
,,,,,,,,,,,,,,,,,,,
,,,,,,,,,,,,,,,,,,,
,,,,,,,,,,,,,,,,,,,
,,,,,,,,,,,,,,,,,,,
,,,,,,,,,,,,,,,,,,,
,,,,,,,,,,,,,,,,,,,
,,,,,,,,,,,,,,,,,,,
,,,,,,,,,,,,,,,,,,,
,,,,,,,,,,,,,,,,,,,
,,,,,,,,,,,,,,,,,,,
,,,,,,,,,,,,,,,,,,,
,,,,,,,,,,,,,,,,,,,
,,,,,,,,,,,,,,,,,,,
,,,,,,,,,,,,,,,,,,,
,,,,,,,,,,,,,,,,,,,
,,,,,,,,,,,,,,,,,,,
,,,,,,,,,,,,,,,,,,,
,,,,,,,,,,,,,,,,,,,
,,,,,,,,,,,,,,,,,,,
,,,,,,,,,,,,,,,,,,,
,,,,,,,,,,,,,,,,,,,
,,,,,,,,,,,,,,,,,,,
,,,,,,,,,,,,,,,,,,,
,,,,,,,,,,,,,,,,,,,
,,,,,,,,,,,,,,,,,,,
,,,,,,,,,,,,,,,,,,,
,,,,,,,,,,,,,,,,,,,
,,,,,,,,,,,,,,,,,,,
,,,,,,,,,,,,,,,,,,,
,,,,,,,,,,,,,,,,,,,
,,,,,,,,,,,,,,,,,,,
,,,,,,,,,,,,,,,,,,,
,,,,,,,,,,,,,,,,,,,
,,,,,,,,,,,,,,,,,,,
,,,,,,,,,,,,,,,,,,,
,,,,,,,,,,,,,,,,,,,
,,,,,,,,,,,,,,,,,,,
,,,,,,,,,,,,,,,,,,,
,,,,,,,,,,,,,,,,,,,
,,,,,,,,,,,,,,,,,,,
,,,,,,,,,,,,,,,,,,,
,,,,,,,,,,,,,,,,,,,
,,,,,,,,,,,,,,,,,,,
,,,,,,,,,,,,,,,,,,,
,,,,,,,,,,,,,,,,,,,
,,,,,,,,,,,,,,,,,,,
,,,,,,,,,,,,,,,,,,,
,,,,,,,,,,,,,,,,,,,
,,,,,,,,,,,,,,,,,,,
,,,,,,,,,,,,,,,,,,,
,,,,,,,,,,,,,,,,,,,
,,,,,,,,,,,,,,,,,,,
,,,,,,,,,,,,,,,,,,,
,,,,,,,,,,,,,,,,,,,
,,,,,,,,,,,,,,,,,,,
,,,,,,,,,,,,,,,,,,,
,,,,,,,,,,,,,,,,,,,
,,,,,,,,,,,,,,,,,,,
,,,,,,,,,,,,,,,,,,,
,,,,,,,,,,,,,,,,,,,
,,,,,,,,,,,,,,,,,,,
,,,,,,,,,,,,,,,,,,,
,,,,,,,,,,,,,,,,,,,
,,,,,,,,,,,,,,,,,,,
,,,,,,,,,,,,,,,,,,,
,,,,,,,,,,,,,,,,,,,
,,,,,,,,,,,,,,,,,,,
,,,,,,,,,,,,,,,,,,,
,,,,,,,,,,,,,,,,,,,
,,,,,,,,,,,,,,,,,,,
,,,,,,,,,,,,,,,,,,,
,,,,,,,,,,,,,,,,,,,
,,,,,,,,,,,,,,,,,,,
,,,,,,,,,,,,,,,,,,,
,,,,,,,,,,,,,,,,,,,
,,,,,,,,,,,,,,,,,,,
,,,,,,,,,,,,,,,,,,,
,,,,,,,,,,,,,,,,,,,
,,,,,,,,,,,,,,,,,,,
,,,,,,,,,,,,,,,,,,,
,,,,,,,,,,,,,,,,,,,
,,,,,,,,,,,,,,,,,,,
,,,,,,,,,,,,,,,,,,,
,,,,,,,,,,,,,,,,,,,
,,,,,,,,,,,,,,,,,,,
,,,,,,,,,,,,,,,,,,,
,,,,,,,,,,,,,,,,,,,
,,,,,,,,,,,,,,,,,,,
,,,,,,,,,,,,,,,,,,,
,,,,,,,,,,,,,,,,,,,
,,,,,,,,,,,,,,,,,,,
,,,,,,,,,,,,,,,,,,,
,,,,,,,,,,,,,,,,,,,
,,,,,,,,,,,,,,,,,,,
,,,,,,,,,,,,,,,,,,,
,,,,,,,,,,,,,,,,,,,
,,,,,,,,,,,,,,,,,,,
,,,,,,,,,,,,,,,,,,,
,,,,,,,,,,,,,,,,,,,
,,,,,,,,,,,,,,,,,,,
,,,,,,,,,,,,,,,,,,,
,,,,,,,,,,,,,,,,,,,
,,,,,,,,,,,,,,,,,,,
,,,,,,,,,,,,,,,,,,,
,,,,,,,,,,,,,,,,,,,
,,,,,,,,,,,,,,,,,,,
,,,,,,,,,,,,,,,,,,,
,,,,,,,,,,,,,,,,,,,
,,,,,,,,,,,,,,,,,,,
,,,,,,,,,,,,,,,,,,,
,,,,,,,,,,,,,,,,,,,
,,,,,,,,,,,,,,,,,,,
,,,,,,,,,,,,,,,,,,,
,,,,,,,,,,,,,,,,,,,
,,,,,,,,,,,,,,,,,,,
,,,,,,,,,,,,,,,,,,,
,,,,,,,,,,,,,,,,,,,
,,,,,,,,,,,,,,,,,,,
,,,,,,,,,,,,,,,,,,,
,,,,,,,,,,,,,,,,,,,
,,,,,,,,,,,,,,,,,,,
,,,,,,,,,,,,,,,,,,,
,,,,,,,,,,,,,,,,,,,
,,,,,,,,,,,,,,,,,,,
,,,,,,,,,,,,,,,,,,,
,,,,,,,,,,,,,,,,,,,
,,,,,,,,,,,,,,,,,,,
,,,,,,,,,,,,,,,,,,,
,,,,,,,,,,,,,,,,,,,
,,,,,,,,,,,,,,,,,,,
,,,,,,,,,,,,,,,,,,,
,,,,,,,,,,,,,,,,,,,
,,,,,,,,,,,,,,,,,,,
,,,,,,,,,,,,,,,,,,,
,,,,,,,,,,,,,,,,,,,
,,,,,,,,,,,,,,,,,,,
,,,,,,,,,,,,,,,,,,,
,,,,,,,,,,,,,,,,,,,
,,,,,,,,,,,,,,,,,,,
,,,,,,,,,,,,,,,,,,,
,,,,,,,,,,,,,,,,,,,
,,,,,,,,,,,,,,,,,,,
,,,,,,,,,,,,,,,,,,,
,,,,,,,,,,,,,,,,,,,
,,,,,,,,,,,,,,,,,,,
,,,,,,,,,,,,,,,,,,,
,,,,,,,,,,,,,,,,,,,
,,,,,,,,,,,,,,,,,,,
,,,,,,,,,,,,,,,,,,,
,,,,,,,,,,,,,,,,,,,
,,,,,,,,,,,,,,,,,,,
,,,,,,,,,,,,,,,,,,,
,,,,,,,,,,,,,,,,,,,
,,,,,,,,,,,,,,,,,,,
,,,,,,,,,,,,,,,,,,,
,,,,,,,,,,,,,,,,,,,
,,,,,,,,,,,,,,,,,,,
,,,,,,,,,,,,,,,,,,,
,,,,,,,,,,,,,,,,,,,
,,,,,,,,,,,,,,,,,,,
,,,,,,,,,,,,,,,,,,,
,,,,,,,,,,,,,,,,,,,
,,,,,,,,,,,,,,,,,,,
,,,,,,,,,,,,,,,,,,,
,,,,,,,,,,,,,,,,,,,
,,,,,,,,,,,,,,,,,,,
,,,,,,,,,,,,,,,,,,,
,,,,,,,,,,,,,,,,,,,
,,,,,,,,,,,,,,,,,,,
,,,,,,,,,,,,,,,,,,,
,,,,,,,,,,,,,,,,,,,
,,,,,,,,,,,,,,,,,,,
,,,,,,,,,,,,,,,,,,,
,,,,,,,,,,,,,,,,,,,
,,,,,,,,,,,,,,,,,,,
,,,,,,,,,,,,,,,,,,,
,,,,,,,,,,,,,,,,,,,
,,,,,,,,,,,,,,,,,,,
,,,,,,,,,,,,,,,,,,,
,,,,,,,,,,,,,,,,,,,
,,,,,,,,,,,,,,,,,,,
,,,,,,,,,,,,,,,,,,,
,,,,,,,,,,,,,,,,,,,
,,,,,,,,,,,,,,,,,,,
,,,,,,,,,,,,,,,,,,,
,,,,,,,,,,,,,,,,,,,
,,,,,,,,,,,,,,,,,,,
,,,,,,,,,,,,,,,,,,,
,,,,,,,,,,,,,,,,,,,
,,,,,,,,,,,,,,,,,,,
,,,,,,,,,,,,,,,,,,,
,,,,,,,,,,,,,,,,,,,
,,,,,,,,,,,,,,,,,,,
,,,,,,,,,,,,,,,,,,,
,,,,,,,,,,,,,,,,,,,
,,,,,,,,,,,,,,,,,,,
,,,,,,,,,,,,,,,,,,,
,,,,,,,,,,,,,,,,,,,
,,,,,,,,,,,,,,,,,,,
,,,,,,,,,,,,,,,,,,,
,,,,,,,,,,,,,,,,,,,
,,,,,,,,,,,,,,,,,,,
,,,,,,,,,,,,,,,,,,,
,,,,,,,,,,,,,,,,,,,
,,,,,,,,,,,,,,,,,,,
,,,,,,,,,,,,,,,,,,,
,,,,,,,,,,,,,,,,,,,
,,,,,,,,,,,,,,,,,,,
,,,,,,,,,,,,,,,,,,,
,,,,,,,,,,,,,,,,,,,
,,,,,,,,,,,,,,,,,,,
,,,,,,,,,,,,,,,,,,,
,,,,,,,,,,,,,,,,,,,
,,,,,,,,,,,,,,,,,,,
,,,,,,,,,,,,,,,,,,,
,,,,,,,,,,,,,,,,,,,
,,,,,,,,,,,,,,,,,,,
,,,,,,,,,,,,,,,,,,,
,,,,,,,,,,,,,,,,,,,
,,,,,,,,,,,,,,,,,,,
,,,,,,,,,,,,,,,,,,,
,,,,,,,,,,,,,,,,,,,
,,,,,,,,,,,,,,,,,,,
,,,,,,,,,,,,,,,,,,,
,,,,,,,,,,,,,,,,,,,
,,,,,,,,,,,,,,,,,,,
,,,,,,,,,,,,,,,,,,,
,,,,,,,,,,,,,,,,,,,
,,,,,,,,,,,,,,,,,,,
,,,,,,,,,,,,,,,,,,,
,,,,,,,,,,,,,,,,,,,
,,,,,,,,,,,,,,,,,,,
,,,,,,,,,,,,,,,,,,,
,,,,,,,,,,,,,,,,,,,
,,,,,,,,,,,,,,,,,,,
,,,,,,,,,,,,,,,,,,,
,,,,,,,,,,,,,,,,,,,
,,,,,,,,,,,,,,,,,,,
,,,,,,,,,,,,,,,,,,,
,,,,,,,,,,,,,,,,,,,
,,,,,,,,,,,,,,,,,,,
,,,,,,,,,,,,,,,,,,,
,,,,,,,,,,,,,,,,,,,
,,,,,,,,,,,,,,,,,,,
,,,,,,,,,,,,,,,,,,,
,,,,,,,,,,,,,,,,,,,
,,,,,,,,,,,,,,,,,,,
,,,,,,,,,,,,,,,,,,,
,,,,,,,,,,,,,,,,,,,
,,,,,,,,,,,,,,,,,,,
,,,,,,,,,,,,,,,,,,,
,,,,,,,,,,,,,,,,,,,
,,,,,,,,,,,,,,,,,,,
,,,,,,,,,,,,,,,,,,,
,,,,,,,,,,,,,,,,,,,
,,,,,,,,,,,,,,,,,,,
,,,,,,,,,,,,,,,,,,,
,,,,,,,,,,,,,,,,,,,
,,,,,,,,,,,,,,,,,,,
,,,,,,,,,,,,,,,,,,,
,,,,,,,,,,,,,,,,,,,
,,,,,,,,,,,,,,,,,,,
,,,,,,,,,,,,,,,,,,,
,,,,,,,,,,,,,,,,,,,
,,,,,,,,,,,,,,,,,,,
,,,,,,,,,,,,,,,,,,,
,,,,,,,,,,,,,,,,,,,
,,,,,,,,,,,,,,,,,,,
,,,,,,,,,,,,,,,,,,,
,,,,,,,,,,,,,,,,,,,
,,,,,,,,,,,,,,,,,,,
,,,,,,,,,,,,,,,,,,,
,,,,,,,,,,,,,,,,,,,
,,,,,,,,,,,,,,,,,,,
,,,,,,,,,,,,,,,,,,,
,,,,,,,,,,,,,,,,,,,
,,,,,,,,,,,,,,,,,,,
,,,,,,,,,,,,,,,,,,,
,,,,,,,,,,,,,,,,,,,
,,,,,,,,,,,,,,,,,,,
,,,,,,,,,,,,,,,,,,,
,,,,,,,,,,,,,,,,,,,
,,,,,,,,,,,,,,,,,,,
,,,,,,,,,,,,,,,,,,,
,,,,,,,,,,,,,,,,,,,
,,,,,,,,,,,,,,,,,,,
,,,,,,,,,,,,,,,,,,,
,,,,,,,,,,,,,,,,,,,
,,,,,,,,,,,,,,,,,,,
,,,,,,,,,,,,,,,,,,,
,,,,,,,,,,,,,,,,,,,
,,,,,,,,,,,,,,,,,,,
,,,,,,,,,,,,,,,,,,,
,,,,,,,,,,,,,,,,,,,
,,,,,,,,,,,,,,,,,,,
,,,,,,,,,,,,,,,,,,,
,,,,,,,,,,,,,,,,,,,
,,,,,,,,,,,,,,,,,,,
,,,,,,,,,,,,,,,,,,,
,,,,,,,,,,,,,,,,,,,
,,,,,,,,,,,,,,,,,,,
,,,,,,,,,,,,,,,,,,,
,,,,,,,,,,,,,,,,,,,
,,,,,,,,,,,,,,,,,,,
,,,,,,,,,,,,,,,,,,,
,,,,,,,,,,,,,,,,,,,
,,,,,,,,,,,,,,,,,,,
,,,,,,,,,,,,,,,,,,,
,,,,,,,,,,,,,,,,,,,
,,,,,,,,,,,,,,,,,,,
,,,,,,,,,,,,,,,,,,,
,,,,,,,,,,,,,,,,,,,
,,,,,,,,,,,,,,,,,,,
,,,,,,,,,,,,,,,,,,,
,,,,,,,,,,,,,,,,,,,
,,,,,,,,,,,,,,,,,,,
,,,,,,,,,,,,,,,,,,,
,,,,,,,,,,,,,,,,,,,
,,,,,,,,,,,,,,,,,,,
,,,,,,,,,,,,,,,,,,,
,,,,,,,,,,,,,,,,,,,
,,,,,,,,,,,,,,,,,,,
,,,,,,,,,,,,,,,,,,,
,,,,,,,,,,,,,,,,,,,
,,,,,,,,,,,,,,,,,,,
,,,,,,,,,,,,,,,,,,,
,,,,,,,,,,,,,,,,,,,
,,,,,,,,,,,,,,,,,,,
,,,,,,,,,,,,,,,,,,,
,,,,,,,,,,,,,,,,,,,
,,,,,,,,,,,,,,,,,,,
,,,,,,,,,,,,,,,,,,,
,,,,,,,,,,,,,,,,,,,
,,,,,,,,,,,,,,,,,,,
,,,,,,,,,,,,,,,,,,,
,,,,,,,,,,,,,,,,,,,
,,,,,,,,,,,,,,,,,,,
,,,,,,,,,,,,,,,,,,,
,,,,,,,,,,,,,,,,,,,
,,,,,,,,,,,,,,,,,,,
,,,,,,,,,,,,,,,,,,,
,,,,,,,,,,,,,,,,,,,
,,,,,,,,,,,,,,,,,,,
,,,,,,,,,,,,,,,,,,,
,,,,,,,,,,,,,,,,,,,
,,,,,,,,,,,,,,,,,,,
,,,,,,,,,,,,,,,,,,,
,,,,,,,,,,,,,,,,,,,
,,,,,,,,,,,,,,,,,,,
,,,,,,,,,,,,,,,,,,,
,,,,,,,,,,,,,,,,,,,
,,,,,,,,,,,,,,,,,,,
,,,,,,,,,,,,,,,,,,,
,,,,,,,,,,,,,,,,,,,
,,,,,,,,,,,,,,,,,,,
,,,,,,,,,,,,,,,,,,,
,,,,,,,,,,,,,,,,,,,
,,,,,,,,,,,,,,,,,,,
,,,,,,,,,,,,,,,,,,,
,,,,,,,,,,,,,,,,,,,
,,,,,,,,,,,,,,,,,,,
,,,,,,,,,,,,,,,,,,,
,,,,,,,,,,,,,,,,,,,
,,,,,,,,,,,,,,,,,,,
,,,,,,,,,,,,,,,,,,,
,,,,,,,,,,,,,,,,,,,
,,,,,,,,,,,,,,,,,,,
,,,,,,,,,,,,,,,,,,,
,,,,,,,,,,,,,,,,,,,
,,,,,,,,,,,,,,,,,,,
,,,,,,,,,,,,,,,,,,,
,,,,,,,,,,,,,,,,,,,
,,,,,,,,,,,,,,,,,,,
,,,,,,,,,,,,,,,,,,,
,,,,,,,,,,,,,,,,,,,
,,,,,,,,,,,,,,,,,,,
,,,,,,,,,,,,,,,,,,,
,,,,,,,,,,,,,,,,,,,
,,,,,,,,,,,,,,,,,,,
,,,,,,,,,,,,,,,,,,,
,,,,,,,,,,,,,,,,,,,
,,,,,,,,,,,,,,,,,,,
,,,,,,,,,,,,,,,,,,,
,,,,,,,,,,,,,,,,,,,
,,,,,,,,,,,,,,,,,,,
,,,,,,,,,,,,,,,,,,,
,,,,,,,,,,,,,,,,,,,
,,,,,,,,,,,,,,,,,,,
,,,,,,,,,,,,,,,,,,,
,,,,,,,,,,,,,,,,,,,
,,,,,,,,,,,,,,,,,,,
,,,,,,,,,,,,,,,,,,,
,,,,,,,,,,,,,,,,,,,
,,,,,,,,,,,,,,,,,,,
,,,,,,,,,,,,,,,,,,,
,,,,,,,,,,,,,,,,,,,
,,,,,,,,,,,,,,,,,,,
,,,,,,,,,,,,,,,,,,,
,,,,,,,,,,,,,,,,,,,
,,,,,,,,,,,,,,,,,,,
,,,,,,,,,,,,,,,,,,,
,,,,,,,,,,,,,,,,,,,
,,,,,,,,,,,,,,,,,,,
,,,,,,,,,,,,,,,,,,,
,,,,,,,,,,,,,,,,,,,
,,,,,,,,,,,,,,,,,,,
,,,,,,,,,,,,,,,,,,,
,,,,,,,,,,,,,,,,,,,
,,,,,,,,,,,,,,,,,,,
,,,,,,,,,,,,,,,,,,,
,,,,,,,,,,,,,,,,,,,
,,,,,,,,,,,,,,,,,,,
,,,,,,,,,,,,,,,,,,,
,,,,,,,,,,,,,,,,,,,
,,,,,,,,,,,,,,,,,,,
,,,,,,,,,,,,,,,,,,,
,,,,,,,,,,,,,,,,,,,
,,,,,,,,,,,,,,,,,,,
,,,,,,,,,,,,,,,,,,,
,,,,,,,,,,,,,,,,,,,
,,,,,,,,,,,,,,,,,,,
,,,,,,,,,,,,,,,,,,,
,,,,,,,,,,,,,,,,,,,
,,,,,,,,,,,,,,,,,,,
,,,,,,,,,,,,,,,,,,,
,,,,,,,,,,,,,,,,,,,
,,,,,,,,,,,,,,,,,,,
,,,,,,,,,,,,,,,,,,,
,,,,,,,,,,,,,,,,,,,
,,,,,,,,,,,,,,,,,,,
,,,,,,,,,,,,,,,,,,,
,,,,,,,,,,,,,,,,,,,
,,,,,,,,,,,,,,,,,,,
,,,,,,,,,,,,,,,,,,,
,,,,,,,,,,,,,,,,,,,
,,,,,,,,,,,,,,,,,,,
,,,,,,,,,,,,,,,,,,,
,,,,,,,,,,,,,,,,,,,
,,,,,,,,,,,,,,,,,,,
,,,,,,,,,,,,,,,,,,,
,,,,,,,,,,,,,,,,,,,
,,,,,,,,,,,,,,,,,,,
,,,,,,,,,,,,,,,,,,,
,,,,,,,,,,,,,,,,,,,
,,,,,,,,,,,,,,,,,,,
,,,,,,,,,,,,,,,,,,,
,,,,,,,,,,,,,,,,,,,
,,,,,,,,,,,,,,,,,,,
,,,,,,,,,,,,,,,,,,,
,,,,,,,,,,,,,,,,,,,
,,,,,,,,,,,,,,,,,,,
,,,,,,,,,,,,,,,,,,,
,,,,,,,,,,,,,,,,,,,
,,,,,,,,,,,,,,,,,,,
,,,,,,,,,,,,,,,,,,,
,,,,,,,,,,,,,,,,,,,
,,,,,,,,,,,,,,,,,,,
,,,,,,,,,,,,,,,,,,,
,,,,,,,,,,,,,,,,,,,
,,,,,,,,,,,,,,,,,,,
,,,,,,,,,,,,,,,,,,,
,,,,,,,,,,,,,,,,,,,
,,,,,,,,,,,,,,,,,,,
,,,,,,,,,,,,,,,,,,,
,,,,,,,,,,,,,,,,,,,
,,,,,,,,,,,,,,,,,,,
,,,,,,,,,,,,,,,,,,,
,,,,,,,,,,,,,,,,,,,
,,,,,,,,,,,,,,,,,,,
,,,,,,,,,,,,,,,,,,,
,,,,,,,,,,,,,,,,,,,
,,,,,,,,,,,,,,,,,,,
,,,,,,,,,,,,,,,,,,,
,,,,,,,,,,,,,,,,,,,
,,,,,,,,,,,,,,,,,,,
,,,,,,,,,,,,,,,,,,,
,,,,,,,,,,,,,,,,,,,
,,,,,,,,,,,,,,,,,,,
,,,,,,,,,,,,,,,,,,,
,,,,,,,,,,,,,,,,,,,
,,,,,,,,,,,,,,,,,,,
,,,,,,,,,,,,,,,,,,,
,,,,,,,,,,,,,,,,,,,
,,,,,,,,,,,,,,,,,,,
,,,,,,,,,,,,,,,,,,,
,,,,,,,,,,,,,,,,,,,
,,,,,,,,,,,,,,,,,,,
,,,,,,,,,,,,,,,,,,,
,,,,,,,,,,,,,,,,,,,
,,,,,,,,,,,,,,,,,,,
,,,,,,,,,,,,,,,,,,,
,,,,,,,,,,,,,,,,,,,
,,,,,,,,,,,,,,,,,,,
,,,,,,,,,,,,,,,,,,,
,,,,,,,,,,,,,,,,,,,
,,,,,,,,,,,,,,,,,,,
,,,,,,,,,,,,,,,,,,,
,,,,,,,,,,,,,,,,,,,
,,,,,,,,,,,,,,,,,,,
,,,,,,,,,,,,,,,,,,,
,,,,,,,,,,,,,,,,,,,
,,,,,,,,,,,,,,,,,,,
,,,,,,,,,,,,,,,,,,,
